,dataset,model,kappa,metric,param.,value,ABC,CI
0,BC,log_reg,SR,standard,N,1.0,0.06209570050869723,"[np.float64(0.0376743109772289), np.float64(0.08651709004016556)]"
1,BC,log_reg,SR,FP,N,1.0,0.054430038742533694,"[np.float64(0.03561981968724584), np.float64(0.07324025779782155)]"
2,BC,log_reg,SR,FN,N,1.0,0.0565012637552765,"[np.float64(0.02958538364066526), np.float64(0.08341714386988773)]"
3,BC,log_reg,SR,FPR,N,1.0,0.1446341063365218,"[np.float64(0.1098601720741384), np.float64(0.1794080405989052)]"
4,BC,log_reg,SR,FNR,N,1.0,0.4010684846753841,"[np.float64(0.18584600516202146), np.float64(0.6162909641887467)]"
5,BC,log_reg,SR,standard,N,0.75,0.08114275458458059,"[np.float64(0.05089470107907999), np.float64(0.11139080809008119)]"
6,BC,log_reg,SR,FP,N,0.75,0.0678618789326548,"[np.float64(0.03414124800229696), np.float64(0.10158250986301265)]"
7,BC,log_reg,SR,FN,N,0.75,0.07483192623037578,"[np.float64(0.050443107158759756), np.float64(0.0992207453019918)]"
8,BC,log_reg,SR,FPR,N,0.75,0.19611430547955258,"[np.float64(0.11797002963401311), np.float64(0.27425858132509207)]"
9,BC,log_reg,SR,FNR,N,0.75,,"[np.float64(nan), np.float64(nan)]"
10,BC,log_reg,SR,standard,N,0.5,0.10193108880945811,"[np.float64(0.049096858727433), np.float64(0.15476531889148323)]"
11,BC,log_reg,SR,FP,N,0.5,0.09236325335460553,"[np.float64(0.05051116191007502), np.float64(0.13421534479913605)]"
12,BC,log_reg,SR,FN,N,0.5,,"[np.float64(nan), np.float64(nan)]"
13,BC,log_reg,SR,FPR,N,0.5,0.3359507665661172,"[np.float64(0.15366712696769905), np.float64(0.5182344061645354)]"
14,BC,log_reg,SR,FNR,N,0.5,,"[np.float64(nan), np.float64(nan)]"
15,BC,log_reg,SR,standard,N,0.25,0.19510016038161823,"[np.float64(0.15484753829268816), np.float64(0.2353527824705483)]"
16,BC,log_reg,SR,FP,N,0.25,,"[np.float64(nan), np.float64(nan)]"
17,BC,log_reg,SR,FN,N,0.25,,"[np.float64(nan), np.float64(nan)]"
18,BC,log_reg,SR,FPR,N,0.25,,"[np.float64(nan), np.float64(nan)]"
19,BC,log_reg,SR,FNR,N,0.25,,"[np.float64(nan), np.float64(nan)]"
20,BC,log_reg,SR,standard,imbalance,0.75,0.10848989293053665,"[np.float64(0.059256005330563175), np.float64(0.15772378053051012)]"
21,BC,log_reg,SR,FP,imbalance,0.75,,"[np.float64(nan), np.float64(nan)]"
22,BC,log_reg,SR,FN,imbalance,0.75,0.10679805916410472,"[np.float64(0.052770481299547034), np.float64(0.1608256370286624)]"
23,BC,log_reg,SR,FPR,imbalance,0.75,,"[np.float64(nan), np.float64(nan)]"
24,BC,log_reg,SR,FNR,imbalance,0.75,0.2601515229036855,"[np.float64(0.1571270522740116), np.float64(0.3631759935333594)]"
25,BC,log_reg,SR,standard,imbalance,0.5,0.07006621901411983,"[np.float64(0.025358704982870232), np.float64(0.11477373304536942)]"
26,BC,log_reg,SR,FP,imbalance,0.5,0.0642443094648697,"[np.float64(0.0335751681916579), np.float64(0.0949134507380815)]"
27,BC,log_reg,SR,FN,imbalance,0.5,0.06618603829864736,"[np.float64(0.027496344095550906), np.float64(0.10487573250174381)]"
28,BC,log_reg,SR,FPR,imbalance,0.5,0.27938971608334306,"[np.float64(0.1393561459993737), np.float64(0.4194232861673124)]"
29,BC,log_reg,SR,FNR,imbalance,0.5,0.2959771408677724,"[np.float64(0.1554746105377263), np.float64(0.4364796711978185)]"
30,BC,log_reg,SR,standard,imbalance,0.25,0.05624095177760875,"[np.float64(0.026335873594415096), np.float64(0.08614602996080241)]"
31,BC,log_reg,SR,FP,imbalance,0.25,0.05164711619238462,"[np.float64(0.01915213995036854), np.float64(0.08414209243440071)]"
32,BC,log_reg,SR,FN,imbalance,0.25,,"[np.float64(nan), np.float64(nan)]"
33,BC,log_reg,SR,FPR,imbalance,0.25,0.12272400475027316,"[np.float64(0.06790078694659238), np.float64(0.17754722255395394)]"
34,BC,log_reg,SR,FNR,imbalance,0.25,,"[np.float64(nan), np.float64(nan)]"
35,BC,log_reg,SR,standard,delta,0.001,0.06209570050869723,"[np.float64(0.0376743109772289), np.float64(0.08651709004016556)]"
36,BC,log_reg,SR,FP,delta,0.001,0.054430038742533694,"[np.float64(0.03561981968724584), np.float64(0.07324025779782155)]"
37,BC,log_reg,SR,FN,delta,0.001,0.0565012637552765,"[np.float64(0.02958538364066526), np.float64(0.08341714386988773)]"
38,BC,log_reg,SR,FPR,delta,0.001,0.1446341063365218,"[np.float64(0.1098601720741384), np.float64(0.1794080405989052)]"
39,BC,log_reg,SR,FNR,delta,0.001,0.4010684846753841,"[np.float64(0.18584600516202146), np.float64(0.6162909641887467)]"
40,BC,log_reg,SR,standard,delta,0.01,0.045064649398167,"[np.float64(0.02180032464274305), np.float64(0.06832897415359095)]"
41,BC,log_reg,SR,FP,delta,0.01,0.038747405295609064,"[np.float64(0.02099081664327033), np.float64(0.0565039939479478)]"
42,BC,log_reg,SR,FN,delta,0.01,0.04067380127174911,"[np.float64(0.01538131870312907), np.float64(0.06596628384036915)]"
43,BC,log_reg,SR,FPR,delta,0.01,0.0963227244324422,"[np.float64(0.06606847082720184), np.float64(0.12657697803768259)]"
44,BC,log_reg,SR,FNR,delta,0.01,0.2356836711778806,"[np.float64(0.10135575418908865), np.float64(0.37001158816667257)]"
45,BC,log_reg,SR,standard,delta,0.1,0.026035371598901135,"[np.float64(0.005700202592035405), np.float64(0.04637054060576687)]"
46,BC,log_reg,SR,FP,delta,0.1,0.02130178590852593,"[np.float64(0.005982231842617718), np.float64(0.03662133997443415)]"
47,BC,log_reg,SR,FN,delta,0.1,0.02347776454305498,"[np.float64(0.002027704039005599), np.float64(0.04492782504710437)]"
48,BC,log_reg,SR,FPR,delta,0.1,0.04939253089896343,"[np.float64(0.02359873329989915), np.float64(0.0751863284980277)]"
49,BC,log_reg,SR,FNR,delta,0.1,0.11131582631086981,"[np.float64(0.023793068980041618), np.float64(0.19883858364169799)]"
50,CIFAR2,cnn,SR,standard,N,1.0,0.00983193280134743,"[np.float64(0.003752078877030527), np.float64(0.01591178672566433)]"
51,CIFAR2,cnn,SR,FP,N,1.0,0.009245134471777845,"[np.float64(0.002950180160065435), np.float64(0.015540088783490254)]"
52,CIFAR2,cnn,SR,FN,N,1.0,0.004600658517850382,"[np.float64(0.001910120018629809), np.float64(0.007291197017070955)]"
53,CIFAR2,cnn,SR,FPR,N,1.0,0.015189356812749985,"[np.float64(0.007605971557025979), np.float64(0.02277274206847399)]"
54,CIFAR2,cnn,SR,FNR,N,1.0,0.13203125282627454,"[np.float64(0.1039437614280678), np.float64(0.16011874422448127)]"
55,CIFAR2,cnn,SR,standard,N,0.75,0.011534335369329903,"[np.float64(0.005062194728172959), np.float64(0.018006476010486848)]"
56,CIFAR2,cnn,SR,FP,N,0.75,0.010666465717499839,"[np.float64(0.004934317753161337), np.float64(0.016398613681838342)]"
57,CIFAR2,cnn,SR,FN,N,0.75,0.005393646458742233,"[np.float64(0.0012236345584441246), np.float64(0.009563658359040342)]"
58,CIFAR2,cnn,SR,FPR,N,0.75,0.01788830633003382,"[np.float64(0.0103766478596076), np.float64(0.02539996480046004)]"
59,CIFAR2,cnn,SR,FNR,N,0.75,0.1584101577681657,"[np.float64(0.11339366830015568), np.float64(0.2034266472361757)]"
60,CIFAR2,cnn,SR,standard,N,0.5,0.013621216931975785,"[np.float64(0.007485018988300007), np.float64(0.019757414875651563)]"
61,CIFAR2,cnn,SR,FP,N,0.5,0.013171665844505609,"[np.float64(0.007606942693430357), np.float64(0.01873638899558086)]"
62,CIFAR2,cnn,SR,FN,N,0.5,0.005971376820737492,"[np.float64(0.0019259588988407008), np.float64(0.010016794742634283)]"
63,CIFAR2,cnn,SR,FPR,N,0.5,0.023624181354635114,"[np.float64(0.016585562085380236), np.float64(0.030662800623889992)]"
64,CIFAR2,cnn,SR,FNR,N,0.5,0.2156224702990322,"[np.float64(0.1571159137265821), np.float64(0.2741290268714823)]"
65,CIFAR2,cnn,SR,standard,N,0.25,0.018370992091939372,"[np.float64(0.007625828339291433), np.float64(0.02911615584458731)]"
66,CIFAR2,cnn,SR,FP,N,0.25,0.017830247911201323,"[np.float64(0.006061472216179687), np.float64(0.02959902360622296)]"
67,CIFAR2,cnn,SR,FN,N,0.25,0.008660651427588775,"[np.float64(0.002177685256757703), np.float64(0.015143617598419847)]"
68,CIFAR2,cnn,SR,FPR,N,0.25,0.03380018145624327,"[np.float64(0.007768865324811521), np.float64(0.05983149758767502)]"
69,CIFAR2,cnn,SR,FNR,N,0.25,0.37083951178625274,"[np.float64(0.2771305692009652), np.float64(0.4645484543715403)]"
70,CIFAR2,cnn,SR,standard,imbalance,0.75,0.03330186509698855,"[np.float64(0.00993503422652852), np.float64(0.05666869596744858)]"
71,CIFAR2,cnn,SR,FP,imbalance,0.75,0.018814749143934002,"[np.float64(0.006402785131434772), np.float64(0.03122671315643323)]"
72,CIFAR2,cnn,SR,FN,imbalance,0.75,0.028666977213936413,"[np.float64(0.008581978158316125), np.float64(0.0487519762695567)]"
73,CIFAR2,cnn,SR,FPR,imbalance,0.75,0.160881230001954,"[np.float64(0.10252508705344626), np.float64(0.21923737295046175)]"
74,CIFAR2,cnn,SR,FNR,imbalance,0.75,0.06846995987092816,"[np.float64(0.04026002642723892), np.float64(0.0966798933146174)]"
75,CIFAR2,cnn,SR,standard,imbalance,0.5,0.027429458820456793,"[np.float64(0.013823905842080741), np.float64(0.04103501179883284)]"
76,CIFAR2,cnn,SR,FP,imbalance,0.5,0.019459982657539183,"[np.float64(0.0096827903905041), np.float64(0.02923717492457427)]"
77,CIFAR2,cnn,SR,FN,imbalance,0.5,0.02070840785688135,"[np.float64(0.008371464510748071), np.float64(0.033045351203014627)]"
78,CIFAR2,cnn,SR,FPR,imbalance,0.5,0.06344524776791788,"[np.float64(0.036999179579699976), np.float64(0.08989131595613578)]"
79,CIFAR2,cnn,SR,FNR,imbalance,0.5,0.07412922519762932,"[np.float64(0.050901800715825826), np.float64(0.09735664967943282)]"
80,CIFAR2,cnn,SR,standard,imbalance,0.25,0.015556834876842465,"[np.float64(0.006997192407605579), np.float64(0.02411647734607935)]"
81,CIFAR2,cnn,SR,FP,imbalance,0.25,0.013984357479178094,"[np.float64(0.006201384535232924), np.float64(0.021767330423123264)]"
82,CIFAR2,cnn,SR,FN,imbalance,0.25,0.00981156131564633,"[np.float64(0.0030461458885155954), np.float64(0.016576976742777066)]"
83,CIFAR2,cnn,SR,FPR,imbalance,0.25,0.03554452886078806,"[np.float64(0.012191156312831103), np.float64(0.05889790140874501)]"
84,CIFAR2,cnn,SR,FNR,imbalance,0.25,0.09195920454210514,"[np.float64(0.06409410135315835), np.float64(0.11982430773105193)]"
85,CIFAR2,cnn,SR,standard,delta,0.001,0.00983193280134743,"[np.float64(0.003752078877030527), np.float64(0.01591178672566433)]"
86,CIFAR2,cnn,SR,FP,delta,0.001,0.009245134471777845,"[np.float64(0.002950180160065435), np.float64(0.015540088783490254)]"
87,CIFAR2,cnn,SR,FN,delta,0.001,0.004600658517850382,"[np.float64(0.001910120018629809), np.float64(0.007291197017070955)]"
88,CIFAR2,cnn,SR,FPR,delta,0.001,0.015189356812749985,"[np.float64(0.007605971557025979), np.float64(0.02277274206847399)]"
89,CIFAR2,cnn,SR,FNR,delta,0.001,0.13203125282627454,"[np.float64(0.1039437614280678), np.float64(0.16011874422448127)]"
90,CIFAR2,cnn,SR,standard,delta,0.01,0.007336482720195417,"[np.float64(0.001646565411587973), np.float64(0.013026400028802862)]"
91,CIFAR2,cnn,SR,FP,delta,0.01,0.007040015200939392,"[np.float64(0.0015076997708166002), np.float64(0.012572330631062185)]"
92,CIFAR2,cnn,SR,FN,delta,0.01,0.003407939962114365,"[np.float64(0.001118124572743176), np.float64(0.005697755351485555)]"
93,CIFAR2,cnn,SR,FPR,delta,0.01,0.011811948237657782,"[np.float64(0.004661701799405313), np.float64(0.01896219467591025)]"
94,CIFAR2,cnn,SR,FNR,delta,0.01,0.08814650167842578,"[np.float64(0.0577919140115373), np.float64(0.11850108934531425)]"
95,CIFAR2,cnn,SR,standard,delta,0.1,0.004599430945390412,"[np.float64(0.00019420778605720636), np.float64(0.009004654104723616)]"
96,CIFAR2,cnn,SR,FP,delta,0.1,0.004634488412157617,"[np.float64(0.0004905240419554955), np.float64(0.008778452782359739)]"
97,CIFAR2,cnn,SR,FN,delta,0.1,0.0020798241124657508,"[np.float64(0.00034873908742059337), np.float64(0.0038109091375109084)]"
98,CIFAR2,cnn,SR,FPR,delta,0.1,0.009773731834260509,"[np.float64(0.0014085214350547954), np.float64(0.018138942233466224)]"
99,CIFAR2,cnn,SR,FNR,delta,0.1,0.06399998917087626,"[np.float64(0.03821210932227301), np.float64(0.08978786901947952)]"
100,CIFAR2,resnet,SR,standard,N,1.0,0.002173475294586272,"[np.float64(0.00023640656017091333), np.float64(0.00411054402900163)]"
101,CIFAR2,resnet,SR,FP,N,1.0,0.0010944835457911192,"[np.float64(0.00039118970416474725), np.float64(0.001797777387417491)]"
102,CIFAR2,resnet,SR,FN,N,1.0,0.002000661607320653,"[np.float64(9.89129957417777e-05), np.float64(0.003902410218899528)]"
103,CIFAR2,resnet,SR,FPR,N,1.0,0.0012660225861003045,"[np.float64(0.0004815482383460622), np.float64(0.002050496933854547)]"
104,CIFAR2,resnet,SR,FNR,N,1.0,0.06121664792031354,"[np.float64(0.03918711961515662), np.float64(0.08324617622547045)]"
105,CIFAR2,resnet,SR,standard,N,0.75,0.002313068338563635,"[np.float64(0.00022048101170585744), np.float64(0.004405655665421413)]"
106,CIFAR2,resnet,SR,FP,N,0.75,0.001253776434866283,"[np.float64(0.00040012493359668604), np.float64(0.00210742793613588)]"
107,CIFAR2,resnet,SR,FN,N,0.75,0.002150267167141473,"[np.float64(5.921359413845048e-05), np.float64(0.004241320740144496)]"
108,CIFAR2,resnet,SR,FPR,N,0.75,0.0014569903125703485,"[np.float64(0.00050624458972894), np.float64(0.002407736035411757)]"
109,CIFAR2,resnet,SR,FNR,N,0.75,0.07148170252682028,"[np.float64(0.04433893526730393), np.float64(0.09862446978633663)]"
110,CIFAR2,resnet,SR,standard,N,0.5,0.0035203924682174438,"[np.float64(0.00036177509601764994), np.float64(0.006679009840417237)]"
111,CIFAR2,resnet,SR,FP,N,0.5,0.0015788817123330503,"[np.float64(0.0005780228167038134), np.float64(0.002579740607962287)]"
112,CIFAR2,resnet,SR,FN,N,0.5,0.003316503164672153,"[np.float64(7.260492275994092e-05), np.float64(0.006560401406584365)]"
113,CIFAR2,resnet,SR,FPR,N,0.5,0.0018412102596697684,"[np.float64(0.000724629456837506), np.float64(0.002957791062502031)]"
114,CIFAR2,resnet,SR,FNR,N,0.5,0.10554260173700444,"[np.float64(0.06482592129827484), np.float64(0.14625928217573403)]"
115,CIFAR2,resnet,SR,standard,N,0.25,0.005599981566633809,"[np.float64(0.00024924940049124347), np.float64(0.010950713732776375)]"
116,CIFAR2,resnet,SR,FP,N,0.25,0.0022776741900073453,"[np.float64(0.0006843063266129042), np.float64(0.0038710420534017864)]"
117,CIFAR2,resnet,SR,FN,N,0.25,0.005563185994936428,"[np.float64(0.0006601141536839508), np.float64(0.010466257836188906)]"
118,CIFAR2,resnet,SR,FPR,N,0.25,0.0026953294258354943,"[np.float64(0.0008832203061995088), np.float64(0.0045074385454714795)]"
119,CIFAR2,resnet,SR,FNR,N,0.25,0.19834929194971088,"[np.float64(0.12324630113056023), np.float64(0.2734522827688615)]"
120,CIFAR2,resnet,SR,standard,imbalance,0.75,0.01896626465014552,"[np.float64(0.008334602648574434), np.float64(0.029597926651716608)]"
121,CIFAR2,resnet,SR,FP,imbalance,0.75,0.003887538657676703,"[np.float64(0.002449239253916201), np.float64(0.0053258380614372046)]"
122,CIFAR2,resnet,SR,FN,imbalance,0.75,0.01870725872607085,"[np.float64(0.008369777266226184), np.float64(0.02904474018591552)]"
123,CIFAR2,resnet,SR,FPR,imbalance,0.75,0.019385712248865473,"[np.float64(0.012875597353960527), np.float64(0.02589582714377042)]"
124,CIFAR2,resnet,SR,FNR,imbalance,0.75,0.037542324599800427,"[np.float64(0.024144630924150937), np.float64(0.050940018275449916)]"
125,CIFAR2,resnet,SR,standard,imbalance,0.5,0.013165204951500068,"[np.float64(0.004674946798560106), np.float64(0.02165546310444003)]"
126,CIFAR2,resnet,SR,FP,imbalance,0.5,0.002510724932533273,"[np.float64(0.001328821291057967), np.float64(0.0036926285740085793)]"
127,CIFAR2,resnet,SR,FN,imbalance,0.5,0.01327602472875917,"[np.float64(0.004981943787169608), np.float64(0.021570105670348734)]"
128,CIFAR2,resnet,SR,FPR,imbalance,0.5,0.005508012889293575,"[np.float64(0.0029478340363136087), np.float64(0.008068191742273542)]"
129,CIFAR2,resnet,SR,FNR,imbalance,0.5,0.04268372158396937,"[np.float64(0.025620851224243395), np.float64(0.05974659194369534)]"
130,CIFAR2,resnet,SR,standard,imbalance,0.25,0.006021588852436701,"[np.float64(0.0012867939332272971), np.float64(0.010756383771646104)]"
131,CIFAR2,resnet,SR,FP,imbalance,0.25,0.0015899567651991649,"[np.float64(0.0004060171599340641), np.float64(0.0027738963704642657)]"
132,CIFAR2,resnet,SR,FN,imbalance,0.25,0.00608175524373224,"[np.float64(0.0013524264807857917), np.float64(0.010811084006678687)]"
133,CIFAR2,resnet,SR,FPR,imbalance,0.25,0.002232090780759278,"[np.float64(0.0005757835085536333), np.float64(0.0038883980529649228)]"
134,CIFAR2,resnet,SR,FNR,imbalance,0.25,0.04925257692076162,"[np.float64(0.02606033951357056), np.float64(0.07244481432795268)]"
135,CIFAR2,resnet,SR,standard,delta,0.001,0.002173475294586272,"[np.float64(0.00023640656017091333), np.float64(0.00411054402900163)]"
136,CIFAR2,resnet,SR,FP,delta,0.001,0.0010944835457911192,"[np.float64(0.00039118970416474725), np.float64(0.001797777387417491)]"
137,CIFAR2,resnet,SR,FN,delta,0.001,0.002000661607320653,"[np.float64(9.89129957417777e-05), np.float64(0.003902410218899528)]"
138,CIFAR2,resnet,SR,FPR,delta,0.001,0.0012660225861003045,"[np.float64(0.0004815482383460622), np.float64(0.002050496933854547)]"
139,CIFAR2,resnet,SR,FNR,delta,0.001,0.06121664792031354,"[np.float64(0.03918711961515662), np.float64(0.08324617622547045)]"
140,CIFAR2,resnet,SR,standard,delta,0.01,0.0015551180971076206,"[np.float64(-0.00026209907587349847), np.float64(0.0033723352700887397)]"
141,CIFAR2,resnet,SR,FP,delta,0.01,0.0008243023492019948,"[np.float64(0.00018882782373588498), np.float64(0.0014597768746681045)]"
142,CIFAR2,resnet,SR,FN,delta,0.01,0.0014784903567609511,"[np.float64(-0.00014345349208725114), np.float64(0.0031004342056091534)]"
143,CIFAR2,resnet,SR,FPR,delta,0.01,0.0009492026963845779,"[np.float64(0.00022989791569172032), np.float64(0.0016685074770774356)]"
144,CIFAR2,resnet,SR,FNR,delta,0.01,0.04500702739957664,"[np.float64(0.023858262134876386), np.float64(0.0661557926642769)]"
145,CIFAR2,resnet,SR,standard,delta,0.1,0.0009420569311997288,"[np.float64(-0.0004220841665696037), np.float64(0.0023061980289690613)]"
146,CIFAR2,resnet,SR,FP,delta,0.1,0.000521408765873254,"[np.float64(5.824364524310247e-05), np.float64(0.0009845738865034057)]"
147,CIFAR2,resnet,SR,FN,delta,0.1,0.0009415261151651816,"[np.float64(-0.00032140137504684354), np.float64(0.0022044536053772066)]"
148,CIFAR2,resnet,SR,FPR,delta,0.1,0.0005966803649667207,"[np.float64(7.158903349093989e-05), np.float64(0.0011217716964425015)]"
149,CIFAR2,resnet,SR,FNR,delta,0.1,0.026197530116142502,"[np.float64(0.006330774314663612), np.float64(0.04606428591762139)]"
150,CIFAR2,cnn,MCD,standard,N,1.0,0.007791193471693528,"[np.float64(0.001494794915216758), np.float64(0.014087592028170299)]"
151,CIFAR2,cnn,MCD,FP,N,1.0,0.007570469190675212,"[np.float64(0.0007867856037585448), np.float64(0.01435415277759188)]"
152,CIFAR2,cnn,MCD,FN,N,1.0,0.003424011670720301,"[np.float64(0.00037046086605846927), np.float64(0.006477562475382133)]"
153,CIFAR2,cnn,MCD,FPR,N,1.0,0.012424013965677176,"[np.float64(0.004675730946678194), np.float64(0.02017229698467616)]"
154,CIFAR2,cnn,MCD,FNR,N,1.0,0.11443761504644419,"[np.float64(0.08347321373373386), np.float64(0.1454020163591545)]"
155,CIFAR2,cnn,MCD,standard,N,0.75,0.009467363763786764,"[np.float64(0.002474497928589123), np.float64(0.016460229598984404)]"
156,CIFAR2,cnn,MCD,FP,N,0.75,0.00894844608842169,"[np.float64(0.002190167687320101), np.float64(0.01570672448952328)]"
157,CIFAR2,cnn,MCD,FN,N,0.75,0.004244246884579106,"[np.float64(0.0009665951409529422), np.float64(0.00752189862820527)]"
158,CIFAR2,cnn,MCD,FPR,N,0.75,0.01473185807825273,"[np.float64(0.007434317545709552), np.float64(0.022029398610795906)]"
159,CIFAR2,cnn,MCD,FNR,N,0.75,0.13504023356162737,"[np.float64(0.10371907976291098), np.float64(0.16636138736034375)]"
160,CIFAR2,cnn,MCD,standard,N,0.5,0.011910861456398764,"[np.float64(0.0041097689428176674), np.float64(0.01971195396997986)]"
161,CIFAR2,cnn,MCD,FP,N,0.5,0.01151173794574559,"[np.float64(0.004480474496700525), np.float64(0.018543001394790655)]"
162,CIFAR2,cnn,MCD,FN,N,0.5,0.005049628663290907,"[np.float64(0.0016285797102990095), np.float64(0.008470677616282805)]"
163,CIFAR2,cnn,MCD,FPR,N,0.5,0.01901085868100023,"[np.float64(0.010742943494664791), np.float64(0.027278773867335668)]"
164,CIFAR2,cnn,MCD,FNR,N,0.5,0.1740285525864181,"[np.float64(0.13043341803430195), np.float64(0.21762368713853428)]"
165,CIFAR2,cnn,MCD,standard,N,0.25,0.01568758894162648,"[np.float64(0.003762842060065906), np.float64(0.027612335823187055)]"
166,CIFAR2,cnn,MCD,FP,N,0.25,0.014926924485547485,"[np.float64(0.0007971294178823092), np.float64(0.02905671955321266)]"
167,CIFAR2,cnn,MCD,FN,N,0.25,0.007720023990264183,"[np.float64(0.002828038595481538), np.float64(0.012612009385046828)]"
168,CIFAR2,cnn,MCD,FPR,N,0.25,0.026570469141846558,"[np.float64(0.01137094686547851), np.float64(0.04176999141821461)]"
169,CIFAR2,cnn,MCD,FNR,N,0.25,0.293635330495864,"[np.float64(0.21409822281808577), np.float64(0.3731724381736422)]"
170,CIFAR2,cnn,MCD,standard,imbalance,0.75,0.026275768438317627,"[np.float64(-0.0018834555602160914), np.float64(0.05443499243685135)]"
171,CIFAR2,cnn,MCD,FP,imbalance,0.75,0.01517821440132518,"[np.float64(0.004831504723733187), np.float64(0.025524924078917176)]"
172,CIFAR2,cnn,MCD,FN,imbalance,0.75,0.023877353840507008,"[np.float64(-0.002752750725114189), np.float64(0.050507458406128206)]"
173,CIFAR2,cnn,MCD,FPR,imbalance,0.75,0.13416301407388245,"[np.float64(0.08864929644989213), np.float64(0.1796767316978728)]"
174,CIFAR2,cnn,MCD,FNR,imbalance,0.75,0.0568104684929403,"[np.float64(0.018933080351592767), np.float64(0.09468785663428783)]"
175,CIFAR2,cnn,MCD,standard,imbalance,0.5,0.02289314704128794,"[np.float64(0.0034485462453047663), np.float64(0.042337747837271116)]"
176,CIFAR2,cnn,MCD,FP,imbalance,0.5,0.01579053216940534,"[np.float64(0.004175149207592484), np.float64(0.027405915131218195)]"
177,CIFAR2,cnn,MCD,FN,imbalance,0.5,0.017840375157092782,"[np.float64(0.002539580075318508), np.float64(0.033141170238867056)]"
178,CIFAR2,cnn,MCD,FPR,imbalance,0.5,0.058985320750266,"[np.float64(0.029318045506946992), np.float64(0.08865259599358502)]"
179,CIFAR2,cnn,MCD,FNR,imbalance,0.5,0.07029772369585184,"[np.float64(0.03457993289146243), np.float64(0.10601551450024124)]"
180,CIFAR2,cnn,MCD,standard,imbalance,0.25,0.01320066365018504,"[np.float64(0.0009648016085035786), np.float64(0.025436525691866503)]"
181,CIFAR2,cnn,MCD,FP,imbalance,0.25,0.011468565838553598,"[np.float64(0.0011710283993825333), np.float64(0.021766103277724665)]"
182,CIFAR2,cnn,MCD,FN,imbalance,0.25,0.008735754289731468,"[np.float64(0.004144030631361233), np.float64(0.013327477948101702)]"
183,CIFAR2,cnn,MCD,FPR,imbalance,0.25,0.023531091087860483,"[np.float64(0.00845878946043648), np.float64(0.038603392715284485)]"
184,CIFAR2,cnn,MCD,FNR,imbalance,0.25,0.08418827948247212,"[np.float64(0.05845815842304537), np.float64(0.10991840054189887)]"
185,CIFAR2,cnn,MCD,standard,delta,0.001,0.007791193471693528,"[np.float64(0.001494794915216758), np.float64(0.014087592028170299)]"
186,CIFAR2,cnn,MCD,FP,delta,0.001,0.007570469190675212,"[np.float64(0.0007867856037585448), np.float64(0.01435415277759188)]"
187,CIFAR2,cnn,MCD,FN,delta,0.001,0.003424011670720301,"[np.float64(0.00037046086605846927), np.float64(0.006477562475382133)]"
188,CIFAR2,cnn,MCD,FPR,delta,0.001,0.012424013965677176,"[np.float64(0.004675730946678194), np.float64(0.02017229698467616)]"
189,CIFAR2,cnn,MCD,FNR,delta,0.001,0.11443761504644419,"[np.float64(0.08347321373373386), np.float64(0.1454020163591545)]"
190,CIFAR2,cnn,MCD,standard,delta,0.01,0.005678536751714071,"[np.float64(-0.00046197897943188286), np.float64(0.011819052482860025)]"
191,CIFAR2,cnn,MCD,FP,delta,0.01,0.005785780273909184,"[np.float64(-0.00023084576342960114), np.float64(0.01180240631124797)]"
192,CIFAR2,cnn,MCD,FN,delta,0.01,0.0025890740583035107,"[np.float64(-0.00016014990757862472), np.float64(0.0053382980241856465)]"
193,CIFAR2,cnn,MCD,FPR,delta,0.01,0.009378657441122148,"[np.float64(0.0016622976946656714), np.float64(0.017095017187578623)]"
194,CIFAR2,cnn,MCD,FNR,delta,0.01,0.08333340204395295,"[np.float64(0.048356992360276754), np.float64(0.11830981172762915)]"
195,CIFAR2,cnn,MCD,standard,delta,0.1,0.0034750828354057324,"[np.float64(-0.0013225865758818784), np.float64(0.008272752246693344)]"
196,CIFAR2,cnn,MCD,FP,delta,0.1,0.003864477418443453,"[np.float64(-0.0008308560625338054), np.float64(0.00855981089942071)]"
197,CIFAR2,cnn,MCD,FN,delta,0.1,0.0016807667277983166,"[np.float64(-0.0005083912908252206), np.float64(0.003869924746421854)]"
198,CIFAR2,cnn,MCD,FPR,delta,0.1,0.005792299481606813,"[np.float64(-0.0007579409599984925), np.float64(0.01234253992321212)]"
199,CIFAR2,cnn,MCD,FNR,delta,0.1,0.057103178303503685,"[np.float64(0.031134727918469694), np.float64(0.08307162868853768)]"
200,WSI,cnn,SR,standard,N,1.0,0.014860851847430686,"[np.float64(0.006016938003252434), np.float64(0.02370476569160894)]"
201,WSI,cnn,SR,FP,N,1.0,0.01393090217652782,"[np.float64(0.0029057575270639135), np.float64(0.02495604682599173)]"
202,WSI,cnn,SR,FN,N,1.0,0.006060364057335411,"[np.float64(0.001051730674170739), np.float64(0.011068997440500083)]"
203,WSI,cnn,SR,FPR,N,1.0,0.02876159730196849,"[np.float64(0.011662883054483767), np.float64(0.045860311549453206)]"
204,WSI,cnn,SR,FNR,N,1.0,0.02466321835209396,"[np.float64(0.008056240841374563), np.float64(0.04127019586281336)]"
205,WSI,cnn,SR,standard,N,0.75,0.016696854386909876,"[np.float64(0.006831192723719494), np.float64(0.02656251605010026)]"
206,WSI,cnn,SR,FP,N,0.75,0.01565890208909316,"[np.float64(0.004348468774412176), np.float64(0.026969335403774143)]"
207,WSI,cnn,SR,FN,N,0.75,0.007330874931931204,"[np.float64(0.0015732776905205631), np.float64(0.013088472173341845)]"
208,WSI,cnn,SR,FPR,N,0.75,0.032988955313172814,"[np.float64(0.014862169987561197), np.float64(0.051115740638784435)]"
209,WSI,cnn,SR,FNR,N,0.75,0.030462380327315665,"[np.float64(0.011199043602967147), np.float64(0.04972571705166418)]"
210,WSI,cnn,SR,standard,N,0.5,0.024577292171356742,"[np.float64(0.013196376219154881), np.float64(0.0359582081235586)]"
211,WSI,cnn,SR,FP,N,0.5,0.02312268120754491,"[np.float64(0.010610627455088355), np.float64(0.03563473496000147)]"
212,WSI,cnn,SR,FN,N,0.5,0.00994643343667156,"[np.float64(0.005300383511760047), np.float64(0.014592483361583072)]"
213,WSI,cnn,SR,FPR,N,0.5,0.048151996310723845,"[np.float64(0.027920196645124754), np.float64(0.06838379597632294)]"
214,WSI,cnn,SR,FNR,N,0.5,0.0427367018297079,"[np.float64(0.026730786463918972), np.float64(0.05874261719549683)]"
215,WSI,cnn,SR,standard,N,0.25,0.029211397190315652,"[np.float64(0.0030938770517139717), np.float64(0.05532891732891733)]"
216,WSI,cnn,SR,FP,N,0.25,0.028658869147245247,"[np.float64(0.005770802769429227), np.float64(0.05154693552506127)]"
217,WSI,cnn,SR,FN,N,0.25,0.014621057029082719,"[np.float64(0.00629243556858715), np.float64(0.02294967848957829)]"
218,WSI,cnn,SR,FPR,N,0.25,0.06559498937149476,"[np.float64(0.025984975527491398), np.float64(0.10520500321549811)]"
219,WSI,cnn,SR,FNR,N,0.25,0.07211902600160965,"[np.float64(0.037335503644116926), np.float64(0.10690254835910237)]"
220,WSI,cnn,SR,standard,imbalance,0.75,0.01968384585553045,"[np.float64(0.005878950088624277), np.float64(0.033488741622436626)]"
221,WSI,cnn,SR,FP,imbalance,0.75,0.01525065578011027,"[np.float64(0.0028147392713341306), np.float64(0.027686572288886407)]"
222,WSI,cnn,SR,FN,imbalance,0.75,0.014232553026981376,"[np.float64(0.006225714456082042), np.float64(0.022239391597880707)]"
223,WSI,cnn,SR,FPR,imbalance,0.75,0.12227605105681169,"[np.float64(0.0591369330733066), np.float64(0.1854151690403168)]"
224,WSI,cnn,SR,FNR,imbalance,0.75,0.02321932504600146,"[np.float64(0.011788310579757254), np.float64(0.034650339512245665)]"
225,WSI,cnn,SR,standard,imbalance,0.5,0.015668963272135416,"[np.float64(0.0033287284082943996), np.float64(0.02800919813597643)]"
226,WSI,cnn,SR,FP,imbalance,0.5,0.013516074215956972,"[np.float64(0.0027108040796837273), np.float64(0.02432134435223022)]"
227,WSI,cnn,SR,FN,imbalance,0.5,0.009540622240480169,"[np.float64(0.0037185019957923773), np.float64(0.01536274248516796)]"
228,WSI,cnn,SR,FPR,imbalance,0.5,0.0427355602573679,"[np.float64(0.01855668613178347), np.float64(0.06691443438295233)]"
229,WSI,cnn,SR,FNR,imbalance,0.5,0.02390189484455595,"[np.float64(0.011527224894277453), np.float64(0.036276564794834446)]"
230,WSI,cnn,SR,standard,imbalance,0.25,0.014348565337752524,"[np.float64(0.0013065161603633049), np.float64(0.027390614515141742)]"
231,WSI,cnn,SR,FP,imbalance,0.25,0.013712228513683783,"[np.float64(0.0006457093889156145), np.float64(0.02677874763845195)]"
232,WSI,cnn,SR,FN,imbalance,0.25,0.00578487166460356,"[np.float64(0.0020888140093533415), np.float64(0.009480929319853778)]"
233,WSI,cnn,SR,FPR,imbalance,0.25,0.026305131973079366,"[np.float64(0.008151458256821762), np.float64(0.044458805689336967)]"
234,WSI,cnn,SR,FNR,imbalance,0.25,0.030716319879606706,"[np.float64(0.01494907157041547), np.float64(0.04648356818879794)]"
235,WSI,cnn,SR,standard,delta,0.001,0.014860851847430686,"[np.float64(0.006016938003252434), np.float64(0.02370476569160894)]"
236,WSI,cnn,SR,FP,delta,0.001,0.01393090217652782,"[np.float64(0.0029057575270639135), np.float64(0.02495604682599173)]"
237,WSI,cnn,SR,FN,delta,0.001,0.006060364057335411,"[np.float64(0.001051730674170739), np.float64(0.011068997440500083)]"
238,WSI,cnn,SR,FPR,delta,0.001,0.02876159730196849,"[np.float64(0.011662883054483767), np.float64(0.045860311549453206)]"
239,WSI,cnn,SR,FNR,delta,0.001,0.02466321835209396,"[np.float64(0.008056240841374563), np.float64(0.04127019586281336)]"
240,WSI,cnn,SR,standard,delta,0.01,0.011354872112154893,"[np.float64(0.0026396009150984334), np.float64(0.020070143309211353)]"
241,WSI,cnn,SR,FP,delta,0.01,0.010648843298808433,"[np.float64(6.412169966116092e-05), np.float64(0.021233564897955706)]"
242,WSI,cnn,SR,FN,delta,0.01,0.004546989891776267,"[np.float64(-0.0001399464635023764), np.float64(0.009233926247054911)]"
243,WSI,cnn,SR,FPR,delta,0.01,0.0219833596086309,"[np.float64(0.005276979952680148), np.float64(0.03868973926458165)]"
244,WSI,cnn,SR,FNR,delta,0.01,0.018039091847895664,"[np.float64(0.002341261623785725), np.float64(0.0337369220720056)]"
245,WSI,cnn,SR,standard,delta,0.1,0.007020552815569452,"[np.float64(-0.0008932384117900805), np.float64(0.014934344042928984)]"
246,WSI,cnn,SR,FP,delta,0.1,0.006977583801640286,"[np.float64(-0.0016857715095156857), np.float64(0.015640939112796258)]"
247,WSI,cnn,SR,FN,delta,0.1,0.0028991131962545643,"[np.float64(-0.0010329206756348164), np.float64(0.006831147068143945)]"
248,WSI,cnn,SR,FPR,delta,0.1,0.013693402107671743,"[np.float64(-0.0019554826393427503), np.float64(0.029342286854686237)]"
249,WSI,cnn,SR,FNR,delta,0.1,0.010914709957781665,"[np.float64(-0.002398917856092541), np.float64(0.02422833777165587)]"
250,WSI,cnn,MCD,standard,N,1.0,0.017027174365843282,"[np.float64(0.006584480104705857), np.float64(0.027469868626980705)]"
251,WSI,cnn,MCD,FP,N,1.0,0.0159729660931888,"[np.float64(0.0032391240744845794), np.float64(0.028706808111893016)]"
252,WSI,cnn,MCD,FN,N,1.0,0.006695470230777101,"[np.float64(0.00032906240139180237), np.float64(0.013061878060162398)]"
253,WSI,cnn,MCD,FPR,N,1.0,0.033609265952560745,"[np.float64(0.014307563700585012), np.float64(0.052910968204536474)]"
254,WSI,cnn,MCD,FNR,N,1.0,0.02825180532126904,"[np.float64(0.006664320354053198), np.float64(0.04983929028848488)]"
255,WSI,cnn,MCD,standard,N,0.75,0.019122420934917676,"[np.float64(0.005494789802548489), np.float64(0.03275005206728686)]"
256,WSI,cnn,MCD,FP,N,0.75,0.017706386635974066,"[np.float64(0.002774687576677615), np.float64(0.03263808569527052)]"
257,WSI,cnn,MCD,FN,N,0.75,0.008235491152978072,"[np.float64(0.0014995856779296043), np.float64(0.01497139662802654)]"
258,WSI,cnn,MCD,FPR,N,0.75,0.038163961278485634,"[np.float64(0.015237559487251286), np.float64(0.06109036306971998)]"
259,WSI,cnn,MCD,FNR,N,0.75,0.03500125406393559,"[np.float64(0.011615848062509516), np.float64(0.05838666006536166)]"
260,WSI,cnn,MCD,standard,N,0.5,0.02746489955243437,"[np.float64(0.012966430077056581), np.float64(0.041963369027812156)]"
261,WSI,cnn,MCD,FP,N,0.5,0.025325668598923722,"[np.float64(0.009594232527113652), np.float64(0.04105710467073379)]"
262,WSI,cnn,MCD,FN,N,0.5,0.010932550629595982,"[np.float64(0.00527768944395216), np.float64(0.016587411815239803)]"
263,WSI,cnn,MCD,FPR,N,0.5,0.05384988511849172,"[np.float64(0.029362433718414786), np.float64(0.07833733651856864)]"
264,WSI,cnn,MCD,FNR,N,0.5,0.04818881197936915,"[np.float64(0.028377982978777333), np.float64(0.06799964097996097)]"
265,WSI,cnn,MCD,standard,N,0.25,0.032557658967924556,"[np.float64(-7.522814964425195e-06), np.float64(0.06512284075081354)]"
266,WSI,cnn,MCD,FP,N,0.25,0.031223078283860027,"[np.float64(0.002452095031044984), np.float64(0.05999406153667507)]"
267,WSI,cnn,MCD,FN,N,0.25,0.01572307342842319,"[np.float64(0.004857625159066518), np.float64(0.026588521697779862)]"
268,WSI,cnn,MCD,FPR,N,0.25,0.07287482823552607,"[np.float64(0.02645591516333548), np.float64(0.11929374130771667)]"
269,WSI,cnn,MCD,FNR,N,0.25,0.07919775329807231,"[np.float64(0.03528848339065745), np.float64(0.12310702320548716)]"
270,WSI,cnn,MCD,standard,imbalance,0.75,0.023051096187812193,"[np.float64(0.004202205713845598), np.float64(0.041899986661778785)]"
271,WSI,cnn,MCD,FP,imbalance,0.75,0.016638306260576434,"[np.float64(0.002283639552082441), np.float64(0.03099297296907043)]"
272,WSI,cnn,MCD,FN,imbalance,0.75,0.01667655923400963,"[np.float64(0.004743219286419641), np.float64(0.028609899181599622)]"
273,WSI,cnn,MCD,FPR,imbalance,0.75,0.13319760341262082,"[np.float64(0.06482716846170884), np.float64(0.20156803836353282)]"
274,WSI,cnn,MCD,FNR,imbalance,0.75,0.027714549900067137,"[np.float64(0.010683496651824945), np.float64(0.04474560314830933)]"
275,WSI,cnn,MCD,standard,imbalance,0.5,0.01750414442482469,"[np.float64(0.002551367313881286), np.float64(0.03245692153576809)]"
276,WSI,cnn,MCD,FP,imbalance,0.5,0.014250217872493285,"[np.float64(0.0011305740325295958), np.float64(0.027369861712456974)]"
277,WSI,cnn,MCD,FN,imbalance,0.5,0.01107972829295536,"[np.float64(0.005317754879464527), np.float64(0.016841701706446194)]"
278,WSI,cnn,MCD,FPR,imbalance,0.5,0.04749341187755181,"[np.float64(0.018515920814536995), np.float64(0.07647090294056662)]"
279,WSI,cnn,MCD,FNR,imbalance,0.5,0.028411162804056374,"[np.float64(0.016128776664952542), np.float64(0.040693548943160206)]"
280,WSI,cnn,MCD,standard,imbalance,0.25,0.015862241408278778,"[np.float64(-8.207930099571673e-05), np.float64(0.03180656211755327)]"
281,WSI,cnn,MCD,FP,imbalance,0.25,0.014490193720299535,"[np.float64(-0.0009069975237027753), np.float64(0.029887384964301846)]"
282,WSI,cnn,MCD,FN,imbalance,0.25,0.007041780819572701,"[np.float64(0.0031089375253923026), np.float64(0.0109746241137531)]"
283,WSI,cnn,MCD,FPR,imbalance,0.25,0.02903650543929543,"[np.float64(0.008044198026195385), np.float64(0.05002881285239548)]"
284,WSI,cnn,MCD,FNR,imbalance,0.25,0.03815149628024618,"[np.float64(0.021429126589842976), np.float64(0.05487386597064939)]"
285,WSI,cnn,MCD,standard,delta,0.001,0.017027174365843282,"[np.float64(0.006584480104705857), np.float64(0.027469868626980705)]"
286,WSI,cnn,MCD,FP,delta,0.001,0.0159729660931888,"[np.float64(0.0032391240744845794), np.float64(0.028706808111893016)]"
287,WSI,cnn,MCD,FN,delta,0.001,0.006695470230777101,"[np.float64(0.00032906240139180237), np.float64(0.013061878060162398)]"
288,WSI,cnn,MCD,FPR,delta,0.001,0.033609265952560745,"[np.float64(0.014307563700585012), np.float64(0.052910968204536474)]"
289,WSI,cnn,MCD,FNR,delta,0.001,0.02825180532126904,"[np.float64(0.006664320354053198), np.float64(0.04983929028848488)]"
290,WSI,cnn,MCD,standard,delta,0.01,0.013144578777422283,"[np.float64(0.002800439648908897), np.float64(0.02348871790593567)]"
291,WSI,cnn,MCD,FP,delta,0.01,0.01240771527445824,"[np.float64(0.0002634745187251701), np.float64(0.02455195603019131)]"
292,WSI,cnn,MCD,FN,delta,0.01,0.005121372243740481,"[np.float64(-0.0006821687537296034), np.float64(0.010924913241210565)]"
293,WSI,cnn,MCD,FPR,delta,0.01,0.02604783943610491,"[np.float64(0.007089972575026419), np.float64(0.045005706297183395)]"
294,WSI,cnn,MCD,FNR,delta,0.01,0.020901115977934558,"[np.float64(0.0008150108270408435), np.float64(0.04098722112882827)]"
295,WSI,cnn,MCD,standard,delta,0.1,0.008066777246153022,"[np.float64(-0.0020103065114939964), np.float64(0.01814386100380004)]"
296,WSI,cnn,MCD,FP,delta,0.1,0.008227990551787339,"[np.float64(-0.002072049029674016), np.float64(0.018528030133248694)]"
297,WSI,cnn,MCD,FN,delta,0.1,0.003486948123706456,"[np.float64(-0.0012160014974582668), np.float64(0.008189897744871178)]"
298,WSI,cnn,MCD,FPR,delta,0.1,0.016656254000356627,"[np.float64(-0.0011950949190641796), np.float64(0.03450760291977743)]"
299,WSI,cnn,MCD,FNR,delta,0.1,0.013118556335996599,"[np.float64(-0.003407223601656663), np.float64(0.02964433627364986)]"
